-- INSERT INTO department (id, name) VALUES (1, "Engineering");
-- INSERT INTO department (id, name) VALUES (2, "Finance");
-- INSERT INTO department (id, name) VALUES (3, "Legal");
-- INSERT INTO department (id, name) VALUES (4, "Sales");

-- INSERT INTO role (id, title, salary, department_id) VALUES (1, "Sales Lead", 100000, 4 );
-- INSERT INTO role (id, title, salary, department_id) VALUES (2, "Salesperson", 80000, 4 );
-- INSERT INTO role (id, title, salary, department_id) VALUES (3, "Lead Engineer", 150000, 1);
-- INSERT INTO role (id, title, salary, department_id) VALUES (4, "Software Engineer", 120000, 1 );
-- INSERT INTO role (id, title, salary, department_id) VALUES (5, "Account Manager", 160000, 2 );
-- INSERT INTO role (id, title, salary, department_id) VALUES (6, "Accountant", 125000, 2 );
-- INSERT INTO role (id, title, salary, department_id) VALUES (7, "Legal Team Lead", 250000, 3 );
-- INSERT INTO role (id, title, salary, department_id) VALUES (8, "Lawyer", 190000, 3 );
-- a manager named Ben Schwartz

-- INSERT INTO employee (id, first_name, last_name, role_id, manager_id) VALUES (1, "Ben", "Schwartz", 3, null); 
-- INSERT INTO employee (id, first_name, last_name, role_id, manager_id) VALUES (2, "Sarah", "Wheeler", 5, null); 
-- INSERT INTO employee (id, first_name, last_name, role_id, manager_id) VALUES (3, "Danielle", "Serrano", 1, null);  
-- INSERT INTO employee (id, first_name, last_name, role_id, manager_id) VALUES (4, "James", "Smith", 7, null); 
-- INSERT INTO employee (id, first_name, last_name, role_id, manager_id) VALUES (5, "Sergio", "Perez", 2, 3);  

-- INSERT INTO employee (id, first_name, last_name, role_id, manager_id) VALUES (6, "Kimberly", "Kardashian", 2,3);  
-- INSERT INTO employee (id, first_name, last_name, role_id, manager_id) VALUES (7, "Jackson", "Russell", 4, 1);  
-- INSERT INTO employee (id, first_name, last_name, role_id, manager_id) VALUES (8, "Kaia", "Gerber", 4, 1);  
-- INSERT INTO employee (id, first_name, last_name, role_id, manager_id) VALUES (9, "Kylie", "Jenner", 6, 2);  
-- INSERT INTO employee (id, first_name, last_name, role_id, manager_id) VALUES (10, "Lewis", "Hamilton", 8, 4);  
-- INSERT INTO employee (id, first_name, last_name, role_id, manager_id) VALUES (11, "Max", "Verstappen", 8, 4);  


